Names,GSEA_term,Beta_FDR,Alpha_FDR,Delta_FDR,PP_FDR,PSC_FDR,Endothelial_FDR,Duct_FDR,Acinar_FDR,Beta.Genes,Alpha.Genes,Delta.Genes,PP.Genes,PSC.Genes,Endothelial.Genes,Duct.Genes,Acinar.Genes,Beta.Counts,Alpha.Counts,Delta.Counts,PP.Counts,PSC.Counts,Endothelial.Counts,Duct.Counts,Acinar.Counts,Gene_Count
Adult Tissue Stem Module,WONG_ADULT_TISSUE_STEM_MODULE,3.58E-17,1.54E-07,7.53E-07,1.52E-07,1.18E-08,0.001347211,0.001133539,1.59E-08,"S100A6,BTG3,MSN,KLF10,ETS2,JAK1,RETREG1,ZBTB20,EIF1,APP,DKK3,GADD45G,NRIP1,RAB27A,TSC22D1,ELL2,MDFIC,ADM,SOX4,ALCAM,SLC6A6,CADM1,ID4,BHLHE40,IER2,DST,GEM,ID1,PNRC1,DUSP4,PTTG1IP,CXXC5,RGS4,CAMK2B,IFNGR1,CEBPD,LIMCH1,LMO2,GABARAPL1,MSI2,NR4A1,TCF4,RC3H2,PPP1R15A,SYNPO,FOS,SCN1B,SLC39A8,MYO1B,DIP2C,AFF4","APP,ASH1L,ZMYND11,FOS,IER2,SMARCA2,SENP6,DST,ZDBF2,ELL2,TRIM44,ZKSCAN1,TP53BP1,RHOQ,KTN1,FOSB,ALCAM,IFIH1,ARMCX4,NRIP1,PATJ,RRBP1,AFF4,LPP,KMT2A,ZBTB20,DYNLL2,ZMYM4,BHLHE40,MAP7,IL1R1,PURA,ARHGAP35,ZNF23","CXXC5,CEBPD,CADM1,SARAF,APP,NRIP1,LGALS3BP,RETREG1,SLC3A2,PMEPA1,SOCS3,FYN,ITM2C,SOCS2,DDIT4,PTPRK,GABARAPL1,SLC35E4,RGS4,FOXP1,DST,RAB27A,SCN1B,AFF4,COL6A1,MYH3,PTTG1IP,NFKBIZ,PTOV1,PBXIP1,ASTN1,S100A4,CTSF,LAMC1","NBEA,LIMCH1,ID2,MAN1A1,CRIM1,SORL1,ANK3,PCLO,TTC3,IGFBP5,SYNPO,TCEAL9,ELL2,RHOU,EPHA5,PBX1,CXXC5,RRBP1,ACTN1,EMB,MAP7,ZFP1,ALCAM,KTN1,ITSN1,GREM1,ENAH,PPP1R9A,NAV1,CACNA2D2,ISG15,OSBPL1A,MYO1B,MAGED1,ANKH,NREP","SFRP1,ZNF503,ZEB1,GJA1,RAI14,RRBP1,IGFBP3,S100A13,PBX1,ENAH,TIMP3,DST,LRRFIP1,KTN1,S100A6,EVL,DDIT4,MEDAG,HOXA5,MAN1A1,RFLNB,NR2F1,TP53BP1,ATP2A2,LTBP1,GRIA3,SOCS2,DIP2C,PMEPA1,PTOV1,TENM3,PRKCE,MSN,KLF10,ASH1L,NRIP1,P3H4","ZBTB20,SERPINA3,ZNF275,LRRFIP1,ZDBF2,PDGFA,PLXDC2,THBS1,ZKSCAN1,PTPN21,NAV1,C1R,SLC6A6,CALD1,C11orf54,REST,TTC28,TMBIM1,TCEAL9,SLCO3A1,CREBRF,PRKACB,IFI16,PLS3,ATP2A2,ITGB5","ASH1L,LPP,ZBTB20,NFIB,PHLDB2,MAP7,NRIP1,IGF2R,FLNB,SERPINE1,SENP6,LIMCH1,RAI14,RRBP1,MEF2A,ZKSCAN1,PURA,TRIM44,KMT2A,ITSN1,KMT2E,PATJ,KTN1,TTC3,BHLHE40","TES,TRIB3,IGFBP7,MPRIP,PLK2,KHDRBS3,COL6A1,SKI,RETREG1,FOXP1,LPP,PRSS23,LRRFIP1,JUND,PHLDA2,DST,SARAF,MAP7,KLF10,HNF4A,DDIT3,MYADM,NRIP1,MYL9,MYO1B,KLF2,PPP1R15A,ZDBF2,BTG3,ATP2A2,ATF3,CALD1,MARCKS,SH3GLB1,NUPR1,MSN,SLCO3A1",51,34,34,36,37,26,25,37,698
Type 1 Diabetes,GSE9006_HEALTHY_VS_TYPE_1_DIABETES_PBMC_1MONTH_POST_DX_UP,4.82E-13,8.81E-08,2.88E-09,6.93E-07,3.93E-12,0.006303155,5.19E-07,1.32E-06,"MSN,KLF10,TXNIP,RBM3,SFPQ,DUSP5,SOX4,PPP1CB,ORAI2,IDS,BNIP2,MATR3,G3BP2,RNF11,HSPA5,CSDE1,CANX,XRCC6,HNRNPU,PCBP2,HNRNPA3,PTBP3,DDX3X,YWHAZ,PCNP","SMARCA2,MATR3,EIF4G3,PIK3R1,HNRNPM,PABPC4,G3BP2,IDS,PTBP3,HNRNPU,COPA,CANX,EPRS1,SAFB,CSDE1,HSP90B1,MDM4,GALNT1","HSPA5,PCNP,ANXA5,G3BP2,ALDOA,PDIA3,PABPC4,DDIT4,MAP2K1,HNRNPR,SRSF9,SRRT,GPI,HSP90B1,ATMIN,FAM13A,HSPA9,COPA,HNRNPM,ATP5F1B,HIF1A","SYNE2,NPTN,DPYSL2,HSP90B1,NAPG,MATR3,SEC31A,AAMP,MAP2K1,BMPR2,RTN3,STT3A,HIF1A,FARSA,TMOD3,HNRNPU,IDS,CPNE3","HSP90B1,KPNB1,EPRS1,DUSP5,PABPC4,EIF4G3,GALNT1,PRKDC,DDIT4,SEC31A,AGPS,QKI,HNRNPU,MBD2,URI1,MATR3,SFPQ,CSDE1,PTP4A2,PDIA3,HIF1A,MSN,KLF10,ORAI2","C8orf33,HSPA5,HIF1A,FAM13A,PIK3R1,PDIA4,URI1,ZNF551,AGPS,SEC31A,HMGB1","MATR3,HNRNPU,CANX,PAK2,HNRNPM,URI1,EPRS1,SFPQ,SAFB,HSPA9,PTBP3,KPNB1,PIK3R1,EIF4G3,UGCG,HNRNPD,HNRNPR","HSP90B1,EZR,PABPC4,RBM39,DUSP5,KLF10,PCNP,STAU1,SYNE2,HSPA9,UGCG,LSM14A,PSMC3,ANXA5,MSN,ARPC4,ATMIN",25,18,21,18,24,11,17,17,194
Intracellular Transport,GOBP_INTRACELLULAR_TRANSPORT,4.55E-09,1.42E-16,4.99E-09,0.011336761,1.47E-08,0.000285716,4.21E-05,2.86E-09,"ARL4C,NEAT1,MSN,STAT3,ARF1,TXNIP,APP,RHOBTB3,NDRG4,MDFIC,TUBA1C,LAMP2,P4HB,DST,ANXA2,SQSTM1,ATXN1,ABCE1,TMEM167A,TMEM30A,ALKBH5,RANBP2,TMED10,LEPROT,TMEM106B,PTTG1IP,HSPA5,ZFAND1,VPS13C,DYNC1H1,HNRNPU,SLC35D3,MDM2,ZC3H11A,VCP,MYO1D,TMED7,RUFY3,NUP58,SEL1L,TGFB1,LAMP1,ARFIP1,TRAK2,UHMK1,CLN5,SCARB2,YIPF4,YIPF5,LDLR,KPNA6,PLK3,M6PR,SUN1","VPS13C,TRIP11,APP,MIA3,NEAT1,MIA2,ZC3H11A,UBR5,ERC1,MYO5A,MDN1,BLTP1,SUPT6H,RANBP2,TLK1,SETD2,DYNC1H1,DST,UHMK1,EIF6,PIK3R1,ARL5B,EEA1,LONP2,DOP1A,RAB3GAP2,VPS13A,STAT3,PTPN11,HOOK1,AFTPH,MYO6,KIF1B,HNRNPU,SEC16A,SPAG9,RUFY3,SEL1L,COPA,MAP1B,CLTC,GOLGA2,KIF3B,CEP290,EDEM1,EP300,ACAP2,ATP9A,RBM33,AP3B1,PCNT,IPO7,CUL3,COPB1,YOD1,ZFYVE16,UBE2G2,TPR,USP7,SMG7,POM121C,WWC1,LMAN1,HSP90B1,GCC2,CCDC186,PURA,BLOC1S6","HSPA5,TMED10,CLU,APP,NCOA4,ARL4D,OS9,NEAT1,RAB21,CALR,PRKAG1,CUL3,NDFIP1,TUBA1A,EIF6,ARF1,CD81,P4HB,MAP2K1,ARL8A,ARL8B,TMED9,GRN,DYNC1I1,DST,USP7,CHMP2B,LMNA,VAMP3,SEC13,TMEM87A,HSP90B1,RAB6B,TMED3,ATP6V0D1,KCNQ3,PTTG1IP,ERP29,EHD4,TMED4,HSPA9,MTCH1,RAB9A,MYO5A,COPA,RUFY3,TRAPPC10,ERLEC1,UCHL1,NMD3,AP1AR,ALKBH5,HIF1A,SAR1B,BICD1","SYNE2,RIMS2,TPR,SORL1,FNBP1L,DYNC2H1,CHM,VTI1B,HSP90B1,VPS13C,DOP1B,NAPG,SSX2IP,CLU,TBC1D5,MYO5B,MIA3,SEC31A,LAPTM4B,RANBP2,DYNC1I2,CEP290,BBS7,ERLEC1,HOOK3,MAP2K1,ITSN1,TMED1,YWHAE,WDR35,HIF1A,BLTP3B,CD81,LRPPRC,HNRNPU,HOOK1","CLU,LMAN1,SEC24D,HSP90B1,ARL4C,KPNB1,AHCYL1,PPP3CA,GOLGA2,WLS,SYNDIG1,DST,CLTC,USP7,ANXA2,COPG1,COPB1,THOC2,BLOC1S6,SEC31A,STX2,XPO6,EIF6,APPL1,AP3B1,HNRNPU,ATP2A2,MIA3,ERC1,ARCN1,AP2B1,EP300,ERGIC1,SETD2,KHDRBS1,DYNC1H1,USO1,TBC1D20,CEP290,EEA1,UFM1,SLC17A9,ERLEC1,HOOK2,AP3D1,PTPN14,HIF1A,TUB,MSN,IPO8,UPF2,IPO4,TIMM44","HSPA5,HIF1A,MAP1B,EEA1,PIK3R1,UPF2,IPO8,RAB12,MAP6,AHCYL1,AP2A1,PCNT,APPBP2,RSRC1,RAB23,ALMS1,STX2,AP2B1,CCDC88C,SEC24A,TOMM70,ATG14,ZC3H12A,AP5Z1,AP3D1,GAK,RANBP2,GRAMD1C,AHCTF1,TBC1D20,ARHGEF2,SEC23A,BCL3,ARMCX3,TSNARE1,ATP2A2,KIF1C,SLU7,WDR19,SEC31A,ARFIP2,DDX19B","HNRNPU,SETD2,MIA3,BLTP1,TPR,DYNC1H1,FNBP1L,PTPN14,TRIP11,EEA1,TRAK2,RANBP2,WNK1,APPL1,KIF5B,SPAG9,AFTPH,IGF2R,UBR5,CLTC,HSPA9,TGFBRAP1,AP2B1,FMR1,PTPN11,VPS13C,KPNB1,RBM22,PURA,ERC1,PIK3R1,GOLGA2,THOC1,WWC1,USP7,ITSN1,ACTN4,PICALM,ARF6,MDM2,CPT1A,FAF2,ACAP2","HSP90B1,CHMP3,EIF6,BLTP3B,PPP3R1,ARL8A,HSP90AA1,NRBP1,EZR,ACTN4,YWHAH,ANXA2,TMEM30A,MYO5B,NXF1,TBC1D23,SNX9,DST,SEC62,TSG101,ROMO1,STAU1,KIF1A,SYNE2,HSPA9,EEA1,FLNA,DDX19A,UFM1,KPNA6,TOMM7,ATP1B1,SLC66A2,ATP2A2,UBAP1,SPAG9,HERPUD1,TOMM70,HHEX,GOLGA2,MYO10,LAMP1,RNF139,SMG7,RNF126,CDH1,MSN,ALS2CL,UPF2,CHMP2B,ARHGAP21,VCP,SELENOS,PAFAH1B1,CHMP4B",54,68,55,36,53,42,43,55,1309
Protein Transport,GOBP_PROTEIN_TRANSPORT,1.43E-07,2.33E-11,4.42E-06,0.000473031,9.07E-07,0.007572562,0.001923987,0.007645868,"ARL4C,STAT3,ARF1,TXNIP,RAB27A,ASAP1,MDFIC,SCG2,SOX4,ZMAT3,LAMP2,SQSTM1,STXBP5,TMEM167A,RAB3B,TMEM30A,RANBP2,TMED10,MYOM1,PTTG1IP,TIAM1,HSPA5,ZFAND1,VPS13C,PCSK1,TFRC,CANX,SPTBN1,SLC35D3,MDM2,CLSTN1,VCP,MYO1D,TMED7,GABARAP,RUFY3,NUP58,SEL1L,TGFB1,MCL1,ARFIP1,UHMK1,PPT1,SCARB2,SNX19,YIPF5,KPNA6,PLK3,XBP1,M6PR,PRKAR1A,VGF","VPS13C,GOLGA4,TRIP11,MIA3,MIA2,UBR5,ERC1,MYO5A,RANBP2,TLK1,RAB3B,ARFGEF1,UHMK1,GAPVD1,PIK3R1,ARL5B,KTN1,LONP2,DOP1A,RAB3GAP2,VPS13A,STAT3,SPTBN1,PTPN11,HOOK1,AFTPH,STXBP5,MYO6,RRBP1,SEC16A,TTN,RUFY3,SEL1L,COPA,CLTC,GOLGA2,KIF3B,CEP290,EDEM1,EP300,AP3B1,PCNT,IPO7,CANX,COPB1,AGAP1,YOD1,ZFYVE16,UBE2G2,TPR,RFX3,POM121C,CLOCK,CLSTN1,LMAN1,HSP90B1,GCC2,CCDC186,BLOC1S6,EXOC1","HSPA5,TMED10,SCG2,CLU,NCOA4,ARL4D,OS9,CHGA,RAB21,CALR,NDFIP1,TUBA1A,ARF1,ASAP1,CD81,ARL8A,ARL8B,TMED9,RAB27A,CHMP2B,LMNA,PDCD6IP,UBE2Q1,NR1D1,VAMP3,SEC13,HSP90B1,RAB6B,TMED3,KCNQ3,PTTG1IP,ERP29,TMED4,HSPA9,MTCH1,RAB9A,MYO5A,COPA,PER2,RUFY3,ERLEC1,NMD3,AP1AR,TNKS,TMEM9,HIF1A,SAR1B,MYH9,VMP1","SCG2,PLCB1,RIMS2,TPR,SORL1,PTPRN2,ANK3,PCLO,VEGFC,CHM,VTI1B,HSP90B1,PCSK1,VPS13C,DOP1B,CETN2,NAPG,CLU,EPHA5,TBC1D5,RRBP1,MYO5B,UBE2Q1,MIA3,TTN,SEC31A,PLA2G1B,RANBP2,CEP290,BBS7,ERLEC1,HOOK3,KTN1,ITSN1,ABAT,TMED1,BBS9,YWHAE,HIF1A,CD81,NBAS,HOOK1,GOLGA4","CLU,LMAN1,SFRP1,SLC16A1,SEC24D,HSP90B1,ARL4C,KPNB1,RRBP1,S100A13,GOLGA4,AHCYL1,PPP3CA,GOLGA2,WLS,ACSL4,SYNDIG1,CLTC,KTN1,COPG1,COPB1,BLOC1S6,SEC31A,UBE2Q1,STX2,XPO6,APPL1,AP3B1,MIA3,ERC1,ARCN1,PCSK5,AP2B1,NLGN2,EP300,USO1,CEP290,UFM1,ERLEC1,CD2AP,VEGFC,HOOK2,AP3D1,PTPN14,HIF1A,PRKCE,PTPRN,IPO8,IPO4,TIMM44","HSPA5,HIF1A,CETN3,PIK3R1,DNM2,PDIA4,TFRC,PCSK5,IPO8,ARRDC3,RAB12,AHCYL1,AP2A1,PCNT,APPBP2,MYH9,RAB23,STX2,AP2B1,SEC24A,TOMM70,ATG14,FRMD4A,ZC3H12A,SELENOK,AP5Z1,AP3D1,RANBP2,REST,AHCTF1,ARHGEF2,SEC23A,BCL3,TSNARE1,SLU7,SEC31A,COG4,ARFIP2","CANX,SPTBN1,MIA3,GOLGA4,MYH9,TPR,PTPN14,TRIP11,UBE2Q1,IST1,RANBP2,APPL1,KIF5B,CAVIN1,AFTPH,UBR5,CLTC,HSPA9,TGFBRAP1,AP2B1,RRBP1,PTPN11,VPS13C,KPNB1,RBM22,ANKRD1,ERC1,PIK3R1,GOLGA2,ITSN1,ACTN4,ARF6,CNST,MDM2,MYO18A,DNM1L,KTN1,CPT1A,FAF2","HSP90B1,CHMP3,SPTBN1,PPP3R1,MYH9,ARL8A,HSP90AA1,ACTN4,YWHAH,TMEM30A,MYO5B,NXF1,SNX9,SEC62,TSG101,ROMO1,HNF4A,HSPA9,NR1D1,FLNA,UFM1,KPNA6,ADAMTS9,TOMM7,ATP1B1,UBAP1,HERPUD1,TOMM70,IRS2,GOLGA2,CDH1,CHMP2B,VCP,DNAJA1,SELENOS,PAFAH1B1,CHMP4B",52,60,49,43,50,38,39,37,1380
RNA Metabolism,REACTOME_METABOLISM_OF_RNA,0.005458917,0.002586264,0.017400227,0.022146449,0.022378256,0.02071179,5.35E-13,0.001690592,"DDX5,RPS4X,SF3B1,RPL8,SRSF11,UBC,RANBP2,RPS5,SF3B2,DDX6,RPLP0,HNRNPF,EIF4B,HNRNPH1,HNRNPU,ZC3H11A,SRSF1,PCBP2,HNRNPA3,NUP58,RPL10,YWHAZ,SRSF5","XRN1,ZC3H11A,TUT4,DDX42,RANBP2,SF3B1,SRRM2,HNRNPM,MTREX,PCF11,HNRNPU,CCAR1,SF3B2,DDX6,GNL3,EPRS1,TUT7,TPR,SMG7,POM121C,HNRNPL,CRNKL1,SRSF4,PNN","UBC,PRPF4,HNRNPR,SRSF9,DDX21,SRRT,NCL,SF3B1,PRPF40A,SEC13,PPIL4,SF3B2,PSMD11,WBP11,PRPF19,PNN,PSMB7,HNRNPM,SRSF11,UTP20,RIOK3,CPSF1","NCL,TPR,GSPT2,SRSF6,WDR70,SF3B1,U2SURP,RANBP2,PPP2R2A,XRN1,CTNNBL1,HTATSF1,TRMT10C,RPS21,WDR43,CNOT8,DDX46,GEMIN4,LRPPRC,PPIG,HNRNPU,TRMT1","EPRS1,SET,PNN,LUC7L3,GNL3,TCERG1,THOC2,ACIN1,PSME4,NOP58,HNRNPU,SRSF11,U2SURP,HNRNPL,TUT4,RPL36AL,PDCD11,HNRNPH1,MTREX,KHSRP,UPF2","NCL,RBMX,SYF2,DDX52,UPF2,PRPF6,RPS29,CTNNBL1,PRPF4,METTL14,DDX21,CNOT10,PAN2,TRMT5,RANBP2,RPL37,DDX23,PELP1,RBM28,NOP14,SLU7,HEATR1","HNRNPU,SRRM2,NCL,TCERG1,WDR43,DDX42,TPR,PPP2R2A,SF3B1,MTREX,CWC22,HNRNPM,RANBP2,POLR2A,ACIN1,EPRS1,GTF2F1,TUT7,SRSF11,DIS3,SNRNP200,SF3B2,SET,C2orf49,SKIC3,NSRP1,CCAR1,RBMX,RBM22,WDR75,THOC1,PDCD11,WDR33,RIOK3,BMS1,SNRNP48,RBM28,CPSF2,CNOT1,RBM25,HNRNPK,HNRNPD,HNRNPR,DDX6","DHX15,SYF2,RBM39,NXF1,TCERG1,SF3B1,SF3B2,CNOT3,SF3A3,NCL,DDX21,PSMC3,WDR43,FAM32A,SMG7,PAIP1,EDC3,UPF2,SET,GSPT1,TUT4,DDX1,HNRNPK,PRPF19,DDX20",23,24,22,22,21,22,44,25,701
Cell Cycle Process,GOBP_CELL_CYCLE_PROCESS,0.028415774,1.90E-08,0.044301545,0.002972455,8.84E-05,0.01415713,1.24E-11,0.002758372,"ARF1,GADD45A,SIX3,APP,APBB2,IQGAP1,INHBA,RRM2B,ID4,PDE3A,SBDS,GEM,JADE1,TBX2,DYNC1H1,HNRNPU,SPTBN1,MDM2,NR3C1,VCP,TXLNG,TGFB1,FBXW5,DDX3X,USP22,PLK3,MAPRE2,CEP44,CDKN2C,PHIP,SUN1","APP,BIRC6,SMARCA2,TAOK1,TLK1,SETD2,SENP6,PDS5A,APC,DYNC1H1,RAD50,ANKRD17,PBRM1,WAC,SMARCA5,TP53BP1,NIPBL,PUM2,APBB2,TOP2B,SPTBN1,PTPN11,STAG2,GIGYF2,TACC1,HNRNPU,PDE4DIP,TTN,PROX1,ROCK1,CLTC,GOLGA2,KIF3B,PCNT,CUL3,UFL1,CEP250,KMT5A,TAF1,USP37,USP22,PKN2,CEP192,TPR,PUM1,MARF1,IQGAP1,CLOCK,EXOC1,PDS5B","APP,CALR,OBSL1,CUL3,TUBA1A,TXLNG,ARF1,ARL8A,PCLAF,ARL8B,SBDS,SMC3,CHMP2B,LMNA,PDCD6IP,ATXN10,PRPF40A,SMARCA5,PRPF19,CUL1,DDB1,RRM1,ITGB1,TNKS,MAP4,ACVR1,ENKD1,RIOK3,MYH9,DCTN2,PROX1","PLCB1,ITGB1,ID2,TPR,ANK3,STK33,SMC3,FBXO5,CETN2,IQGAP1,RHOU,SSX2IP,PBX1,TTN,SON,ATF5,ATRX,DCDC1,KLF11,ROCK2,PUM1,STK38,CUL4B,NEK11,WNT4,MARF1,HUS1,CHD3,ARID1B,AVEN,ETAA1,USP28,KAT2A,TMOD3,HNRNPU,SMC5,CNTROB","ITGB1,SFRP1,ZNF503,SLC16A1,GJA1,MAP4,KPNB1,FGFR1,SPDL1,PPP3CA,DACT1,INHBA,GOLGA2,PBX1,ATRX,CLTC,PRKDC,CKAP5,SON,TOP1,APPL1,HNRNPU,TP53BP1,SMARCC1,MAP9,CDK14,SETD2,RAD50,KHDRBS1,PDS5B,DYNC1H1,TAOK1,KIF14,ESCO1,SMC5,STAG2,PRKCE,EML1,GIGYF2,P3H4,GTSE1","CETN3,TOP2B,ATRX,PBRM1,DNM2,SON,SYF2,BAZ1B,PCNT,ROCK2,MYH9,ALMS1,IGF1R,NIPBL,MAP4,ATAD5,NFIA,TAF2,CCNJL,HAUS8,SMARCC1,USP33,XPC,AHCTF1,STIL,APBB2,ZFYVE26,CEP152,MMS19,PAXIP1,RTTN,IQGAP1,CHAMP1,SPICE1","SON,HNRNPU,SETD2,NIPBL,UFL1,ROCK2,SPTBN1,MYH9,GATA6,TAOK1,IQGAP1,RAD50,TPR,GIGYF2,DYNC1H1,PKN2,IST1,USP8,NFIB,SMARCA5,SMARCC2,BRD4,WNK1,BIRC6,APPL1,PIBF1,RAD21,NR3C1,USP47,STAG2,CCNY,ERCC4,PUM1,EIF2AK4,XPC,CLTC,NCOR1,SENP6,ANKRD17,MARF1,WAPL,TAF2,CDC73,JADE1,SMC3,PTPN11,ATRX,KPNB1,NPAT,GOLGA2,RPS6KB1,RIOK3,MAP4,KMT2E,ARF6,TOPBP1,MDM2","CHMP3,SPTBN1,PLK2,SPHK1,MYH9,SBDS,SMC3,IQGAP1,ARL8A,EZR,SYF2,ARPP19,BCL2L11,SNX9,ROCK1,ACTB,FEM1B,FLNA,SON,CAV2,ITGB1,NR3C1,WAPL,GOLGA2,LSM14A,SH3GLB1,CCNY,MTCL1,MACROH2A1,WAC,CHMP2B,VCP,PAFAH1B1,GSPT1,CHMP4B,PRPF19",31,50,31,37,41,34,57,36,1238
DNA Damage Response,GOBP_DNA_DAMAGE_RESPONSE,0.038199335,5.43E-12,0.012662757,0.000122751,0.000251306,8.93E-06,2.70E-09,1.06E-05,"GADD45A,SFPQ,DDX5,ZBTB38,SOX4,XRCC5,RRM2B,ZMAT3,SKIL,PHLDA3,SHISA5,PTTG1IP,TAF7,UBE2D3,CD44,ZNF365,XRCC6,MDM2,PPP1R15A,VCP,MCL1,USP22,PLK3","SETX,SMCHD1,UBR5,REV3L,SMARCA2,TAOK1,TLK1,SETD2,PDS5A,APC,TRIP12,RAD50,PBRM1,PIK3R1,ERCC6L2,ZBTB38,WAC,SMARCA5,TP53BP1,HUWE1,BOD1L1,NIPBL,TOP2B,SUPT16H,PTPN11,GIGYF2,INO80D,RECQL,MTREX,PPP4R3A,MYO6,EP300,TOPORS,UFL1,HIPK2,KMT5A,CBX5,ASCC3,TAF1,USP22,NSD2,USP7,MARF1,PPP4R3B,CLOCK,MDM4,PDS5B","CLU,SHLD2,CHD1L,BCLAF1,FNIP2,DDIT4,MORF4L1,FOXP1,PCLAF,USP7,PPP4R3B,SMC3,SMARCA5,PMAIP1,SUPT16H,DEK,POLI,ATMIN,CIB1,PTTG1IP,PRPF19,MSL2,POLE3,DDB1,RRM1,CFAP410","SKIL,CHD4,JMY,STK33,SMC3,FBXO5,CETN2,CLU,HIPK2,BCLAF1,NUCKS1,CBX5,USP3,ATRX,RBBP6,DCLRE1B,PARP1,ING3,HTATSF1,STK38,CUL4B,NEK11,MARF1,HUS1,CBX1,BOK,ARID1B,YY1,ETAA1,USP28,KAT2A,SMC5,ZBTB4","CLU,BCLAF1,SUPT16H,ATRX,SETX,CHD4,USP7,PRKDC,DDIT4,PSME4,TP53BP1,SMARCC1,CBX1,BOD1L1,EP300,SETD2,NUAK1,RAD50,PDS5B,KDM1A,FAM168A,TAOK1,HLTF,REXO4,MTREX,SFPQ,SMC5,INO80D,SESN2,GIGYF2,GTSE1","TOP2B,PIK3R1,ATRX,PBRM1,MCM9,SYF2,CHD4,UBE2V1,BAZ1B,TRIP12,REXO4,NIPBL,ATAD5,SUPT20H,TAF2,ZC3H12A,AP5Z1,SMARCC1,POT1,XPC,ZBTB38,SMCHD1,FNIP2,HPF1,JMY,ZFYVE26,MMS19,BCL3,PAXIP1,UVSSA,IFI16,NCOA6,SPIDR,HMGB1,USP3,FAM168A","SETD2,CHD4,NIPBL,REV3L,UFL1,TAOK1,RAD50,CBX5,GIGYF2,RNF169,MTREX,SMARCA5,SMARCC2,BRD4,SETX,RAD21,USP47,ERCC4,SFPQ,UBR5,EIF2AK4,XPC,MARF1,TRIP12,TAF2,FMR1,USP3,ZBTB38,SMC3,PTPN11,ATRX,ANKRD1,PIK3R1,WDR33,USP7,RBBP6,USP1,TOPBP1,MDM2,HNRNPK,SUPT16H,PARP2","PLK2,CBX3,SMC3,NONO,FOXP1,FOXO3,SYF2,DEK,BCL2L11,SESN2,PPP4R2,DDIT3,ACTB,CBX1,FEM1B,USP3,PPP1R15A,KLHL15,BOD1L1,CHD2,JMY,UVSSA,RNF126,NUPR1,MEAF6,MACROH2A1,TERF2IP,WAC,CHD4,TAF7,VCP,DDX1,ATMIN,HNRNPK,PRPF19",23,47,26,33,31,36,42,35,858
Chromatin Remodeling,GOBP_CHROMATIN_REMODELING,0.042762368,2.30E-17,0.002529681,6.48E-07,1.71E-08,9.60E-05,7.76E-16,0.000781367,"CHD7,SFPQ,WBP2,TSPYL2,SF3B1,SATB1,BAZ2A,HDAC9,H3-3B,JADE1,JMJD1C,NSD3,HNRNPU,H1-4,CREBZF,JMJD6,USP22","TASOR2,SMCHD1,ASH1L,TASOR,BPTF,UBR5,SMARCA2,KMT2C,SUPT6H,NSD1,SETD2,SF3B1,TRIP12,CHD9,RAD50,BTAF1,PBRM1,ERCC6L2,WAC,MYSM1,SMARCA5,ZDBF2,HUWE1,NIPBL,CHD8,BAZ2B,SUPT16H,TET2,JMJD1C,INO80D,HNRNPU,EP300,KMT2A,HIPK2,KMT5A,CBX5,TAF1,USP22,NSD2,TPR,USP7,RERE,CLOCK,NSD3,RSBN1,GTF3C4","H1-10,GATAD2A,CHD1L,DDX21,USP7,LMNA,SF3B1,SMARCA5,SUPT16H,DEK,MSL2,NFKBIZ,METTL23,GRWD1,POLE3,PER2,MIER1,LIN54,KAT8,DDB1,UTY,NCOA1","H1-4,TPR,CHD4,KDM5D,KDM5B,HIPK2,SF3B1,SMARCA1,KAT6A,CBX5,USP3,H3C1,RYBP,ATF7IP,ATRX,NSD1,ING3,RNF20,UHRF2,SETBP1,CHD3,CBX1,ARID1B,YY1,CHD6,ACTR6,RLIM,KAT2A,HNRNPU,NCOA1,PIK3CA","SET,JARID2,SUPT16H,ATRX,CHD4,USP7,PRKDC,TOP1,PRDM2,HNRNPU,MBD2,NSD1,SMARCC1,CBX1,EP300,SETD2,H1-4,RAD50,KDM1A,RNF20,HDGF,KDM5B,UTY,HLTF,PWWP2B,SFPQ,INO80D,YEATS2,JMJD1C,NIBAN2,MSL1,ASH1L,BPTF","H1-4,ATRX,PBRM1,UBN1,ZDBF2,H1-2,CHD4,BAZ1B,TRIP12,BAZ1A,NIPBL,PRMT9,DDX21,SMARCC1,REST,SMCHD1,HPF1,DDX23,SIRT5,NSD1,PAXIP1,IFI16,SETD1B,SETD4,HMGB1,USP3","HNRNPU,ASH1L,SETD2,CHD4,NIPBL,BPTF,RAD50,CBX5,TPR,SPTY2D1,KDM5A,SF3B1,JMJD1C,SMARCA5,HP1BP3,SMARCC2,CTR9,GATAD1,KMT2C,SCMH1,SFPQ,UBR5,CDYL,SET,CHD8,CHD9,SETD5,TRIP12,USP3,TASOR,JADE1,ATRX,NSD1,RNF20,CHD7,GATAD2A,KMT2A,USP7,KMT2E,RERE,USP15,SUPT16H,PARP2,KAT6A","H1-10,BAZ1A,CBX3,TSPYL2,DEK,SF3B1,ACTB,KDM5B,CBX1,USP3,KLF2,JMJD1C,ZDBF2,DDX21,CHD2,MEAF6,MACROH2A1,WAC,SET,CHD4,CFDP1,KDM5C,PSIP1",17,46,22,31,33,26,44,23,575
DNA Metabolic Process,GOBP_DNA_METABOLIC_PROCESS,0.234704642,3.06E-08,0.075309868,0.023164821,4.80E-05,4.17E-06,1.21E-10,0.002269844,"GADD45A,SFPQ,CNBP,ZBTB38,TSPYL2,ID3,NFIC,XRCC5,RRM2B,JADE1,TAF7,UBE2D3,TFRC,ZNF365,XRCC6,HNRNPU,VCP,H1-4,TGFB1,USP22","SETX,SMCHD1,XRN1,UBR5,REV3L,SMARCA2,SUPT6H,TAOK1,SETD2,PDS5A,DICER1,TRIP12,RAD50,ANKRD17,PBRM1,ERCC6L2,ZBTB38,SMARCA5,TP53BP1,HUWE1,BOD1L1,NIPBL,TOP2B,SUPT16H,TET2,N4BP2,INO80D,RECQL,HNRNPU,TNKS2,GNL3,UFL1,KMT5A,ASCC3,USP37,USP22,NSD2,USP7,MARF1,PPP4R3B,PURA,PDS5B","H1-10,HSP90AB1,SHLD2,CHD1L,YLPM1,NDFIP1,MORF4L1,PCLAF,CDADC1,USP7,PPP4R3B,SMC3,SMARCA5,SUPT16H,DEK,POLI,CIB1,PRPF19,NFKBIZ,GRWD1,POLE3,DDB1,RRM1,TNKS","H1-4,CHD4,JMY,SMC3,FBXO5,CETN2,NUCKS1,USP3,ATRX,RBBP6,DCLRE1B,GREM1,PARP1,ING3,XRN1,HTATSF1,CUL4B,PTMS,MARF1,HUS1,ARID1B,YY1,ETAA1,USP28,KAT2A,HNRNPU,SMC5","FGFR1,SET,MAP3K4,GNL3,SUPT16H,ATRX,DHX36,SETX,CHD4,USP7,PRKDC,TOP1,PSME4,LONP1,HNRNPU,TP53BP1,SMARCC1,BOD1L1,CDK2AP1,SETD2,H1-4,RAD50,PDS5B,KDM1A,FAM168A,TAOK1,HLTF,REXO4,ESCO1,SFPQ,SMC5,INO80D,SESN2,DICER1,NIBAN2","H1-4,TOP2B,ATRX,PBRM1,MCM9,TFRC,H1-2,PDGFA,CHD4,UBE2V1,TRIP12,TWNK,REXO4,BAZ1A,APOBEC3G,IGF1R,NIPBL,ATAD5,SUPT20H,NFIA,TAF2,HMBOX1,AP5Z1,SMARCC1,POT1,XPC,ZBTB38,SMCHD1,HPF1,JMY,N4BP2,ZFYVE26,MMS19,PAXIP1,UVSSA,SPIDR,HMGB1,USP3,FAM168A","HNRNPU,SETD2,CHD4,NIPBL,REV3L,UFL1,TAOK1,RAD50,RNF169,NFIB,SMARCA5,NFIC,SMARCC2,SETX,RAD21,USP47,ERCC4,SFPQ,UBR5,XPC,SET,ANKRD17,MARF1,DICER1,WAPL,TRIP12,TAF2,FMR1,USP3,ZBTB38,JADE1,SMC3,ATRX,ANKRD1,PURA,MAP3K4,WDR33,USP7,RBBP6,CDK2AP1,USP1,TOPBP1,MYO18A,SWAP70,SUPT16H,PARP2,HNRNPD","H1-10,BAZ1A,SPHK1,SMC3,NONO,HSP90AA1,TSPYL2,DEK,SESN2,PPP4R2,ACTB,DNASE1L1,USP3,CCT4,KLHL15,BOD1L1,WAPL,JMY,UVSSA,RNF126,MEAF6,MACROH2A1,SWAP70,TERF2IP,SET,CHD4,TAF7,VCP,DDX1,PRPF19",20,42,24,27,35,39,47,30,941
Cellular Response to Stress,GOBP_CELLULAR_RESPONSE_TO_STRESS,3.78E-07,1.01E-14,5.86E-11,5.90E-06,2.37E-11,1.38E-10,4.40E-10,4.01E-09,"KLF10,GADD45A,GAP43,PLEKHA1,MALAT1,SFPQ,SLC38A2,DDX5,ZBTB38,ADM,SOX4,INHBA,XRCC5,RRM2B,ZMAT3,LAMP2,SKIL,EPAS1,P4HB,TNFAIP3,SQSTM1,PHLDA3,EIF2AK1,SHISA5,PTTG1IP,TBX2,TAF7,HSPA5,ZFAND1,UBE2D3,CEBPD,VPS13C,GABARAPL1,CD44,CCDC47,XPR1,ZNF365,CANX,XRCC6,MDM2,PPP1R15A,VCP,CREBZF,GABARAP,FOS,SGTA,MID1,SEL1L,TGFB1,SPRING1,MCL1,WIPI2,DDX3X,USP22,YWHAZ,PLK3,XBP1,TMEM259,AFF4,PNPLA8","VPS13C,SETX,SMCHD1,FOS,ECPAS,UBR5,UBR4,REV3L,SMARCA2,TAOK1,TLK1,SETD2,RPS6KA3,PDS5A,APC,TRIP12,CCDC47,RAD50,PBRM1,PIK3R1,ERCC6L2,ZBTB38,WAC,SMARCA5,CLGN,TP53BP1,UBXN4,HUWE1,BOD1L1,NIPBL,FER,PUM2,TOP2B,ARIH1,SUPT16H,YME1L1,PTPN11,GIGYF2,INO80D,EDEM3,RECQL,MTREX,PPP4R3A,MYO6,SEC16A,AFF4,SEL1L,MAP1B,EDEM1,EP300,AKT3,PPP1R15B,PPARA,CANX,TOPORS,CUL3,UFL1,YOD1,HIPK2,KMT5A,CBX5,ASCC3,TAF1,USP22,NSD2,UBE2G2,TPR,USP7,MARF1,PPP4R3B,VEGFA,CLOCK,HSP90B1,TNRC6A,MDM4,EIF2AK2,PDS5B","HSPA5,CEBPD,CLU,DNAJC3,ERP44,OS9,ENO1,HSP90AB1,SHLD2,CHD1L,CALR,BCLAF1,RRAGB,PDIA6,CUL3,WDR45B,FNIP2,PDIA3,FYN,DDIT4,PTPRK,P4HB,GABARAPL1,MAP2K1,ELAPOR1,MORF4L1,FOXP1,PCLAF,USP25,GRN,VDAC1,UBQLN2,BFAR,USP7,PPP4R3B,SMC3,DNAJC7,LMNA,HSP90B1,TMBIM6,SMARCA5,PMAIP1,AFF4,SUPT16H,TMEM259,DEK,USP14,POLI,ATMIN,NBR1,CIB1,PTTG1IP,ERP29,IGFBP6,PRPF19,ATP1A1,MSL2,FBXO2,POLE3,MAP3K5,EIF2S1,ERLEC1,ERLIN1,DDB1,RRM1,GORASP2,HIF1A,NFKB1,SAR1B,CFAP410,UBQLN1","SKIL,ID2,MAN1A1,TPR,CHD4,JMY,HSP90B1,MICU1,STK33,VPS13C,SMC3,ECPAS,FBXO5,CETN2,CLU,HIPK2,BCLAF1,NUCKS1,PRDX4,KAT6A,CBX5,USP3,DHRS2,SLC2A1,ERLEC1,ATRX,RBBP6,MAP2K1,DCLRE1B,GREM1,PARP1,ING3,ROCK2,BMPR2,HTATSF1,RALB,STK38,CUL4B,NEK11,WNT4,MARF1,HUS1,DNAJC10,CBX1,BOK,YWHAE,ARID1B,YY1,HIF1A,ETAA1,USP28,KAT2A,AKT3,SMC5,ZBTB4,NREP,ZMIZ1,PIK3CA","CLU,SFRP1,ENO1,VEGFA,HSP90B1,INHBA,STK24,BCLAF1,MAFB,SUPT16H,ATRX,HILPDA,DHX36,PYCR1,SETX,STT3B,CHD4,OXSR1,USP7,BDKRB2,PRKDC,DDIT4,UBA5,UGGT2,MAN1A2,PSME4,STX2,RPS6KA3,LONP1,TMEM259,LARS1,MAN1A1,TP53BP1,ATP2A2,SMARCC1,CBX1,ASNS,UGGT1,BOD1L1,EP300,SETD2,PGK1,NUAK1,RAD50,PDS5B,GPX8,KDM1A,MMP14,FAM168A,TAOK1,UFM1,HLTF,ERLEC1,REXO4,MTREX,CD2AP,SFPQ,SMC5,MTR,INO80D,SESN2,PDIA3,HIF1A,STC1,PRKCE,MIEF1,PDGFRA,KLF10,GIGYF2,TNRC6A,GTSE1","HSPA5,HIF1A,MAP1B,TOP2B,DNAJC3,PIK3R1,ATRX,PBRM1,MCM9,MTR,MICU1,PDIA4,SYF2,NCOA7,CHD4,UBE2V1,BAZ1B,TRIP12,EPHA4,REXO4,THBS1,ROCK2,AKT3,STX2,EDEM3,IGF1R,YME1L1,MMP14,EPAS1,NIPBL,ATG14,ATAD5,SUPT20H,TAF2,EIF2AK2,ULK1,UGGT2,NFE2L2,ZC3H12A,SELENOK,AP5Z1,FNIP1,SMARCC1,USP33,POT1,XPC,ZBTB38,SMCHD1,FNIP2,HPF1,MMP2,RRAGB,JMY,HAPSTR1,ZFYVE26,ARHGEF2,PDIA6,MMS19,BCL3,RIPK1,PAXIP1,UVSSA,IFI16,NCOA6,ZMIZ1,SPIDR,ATP2A2,SLU7,HMGB1,USP3,FAM168A","CANX,SETD2,CHD4,NIPBL,REV3L,UFL1,VEGFA,ROCK2,GATA6,TAOK1,RAD50,CBX5,TPR,GIGYF2,RNF169,CCDC47,ZMIZ1,MTREX,CPEB4,SMARCA5,HP1BP3,WDR45B,ARIH1,SMARCC2,TNRC6A,BRD4,SETX,WNK1,RAD21,USP47,ERCC4,EIF2AK2,SFPQ,MTR,UBR5,EIF2AK4,XPC,NBR1,MARF1,UBR4,TRIP12,TAF2,FMR1,USP3,ZBTB38,SMC3,PTPN11,ATRX,VPS13C,SOCS5,ANKRD1,PIK3R1,OXSR1,STK39,WDR33,USP7,MORC3,RBBP6,USP1,TOPBP1,MDM2,HNRNPK,USP15,SUPT16H,PARP2,KAT6A,FAF2","HSP90B1,TRIB3,ASNS,PLK2,SPHK1,CBX3,VEGFA,SMC3,CFLAR,NONO,HSP90AA1,FOXP1,FOXO3,SYF2,ATF4,DEK,BCL2L11,STK26,KLF10,ROMO1,SESN2,PPP4R2,DDIT3,STAU1,ACTB,CBX1,CPEB4,FEM1B,FLNA,UFM1,ATG13,USP3,KLF2,PPP1R15A,TOMM7,KLHL15,ATP2A2,ATF3,RRAGC,BOD1L1,HERPUD1,MARCKS,SH3GLB1,CHD2,RNF139,JMY,UVSSA,RNF126,NUPR1,MEAF6,MACROH2A1,TERF2IP,WAC,MAP1LC3B,CHD4,TAF7,NFE2L2,VCP,DNAJA1,SELENOS,PNPLA8,ERLIN2,DDX1,ATMIN,HNRNPK,PRPF19",60,77,71,58,71,71,67,66,1781
Response to Endoplasmic Reticulum Stress,GOBP_RESPONSE_TO_ENDOPLASMIC_RETICULUM_STRESS,0.002495862,1.71E-05,5.86E-11,0.366249253,0.000996997,0.014486524,0.326426855,9.15E-06,"P4HB,HSPA5,CCDC47,CANX,PPP1R15A,VCP,CREBZF,SGTA,SEL1L,DDX3X,XBP1,TMEM259,AFF4","ECPAS,CCDC47,PIK3R1,CLGN,UBXN4,EDEM3,SEC16A,AFF4,SEL1L,EDEM1,PPP1R15B,CANX,UFL1,YOD1,UBE2G2,HSP90B1,EIF2AK2","HSPA5,CLU,DNAJC3,ERP44,OS9,CALR,PDIA6,PDIA3,P4HB,USP25,UBQLN2,BFAR,HSP90B1,TMBIM6,PMAIP1,AFF4,TMEM259,USP14,ERP29,FBXO2,MAP3K5,EIF2S1,ERLEC1,ERLIN1,GORASP2,UBQLN1","MAN1A1,HSP90B1,ECPAS,CLU,ERLEC1,DNAJC10,BOK","CLU,HSP90B1,STT3B,UBA5,UGGT2,MAN1A2,TMEM259,MAN1A1,ATP2A2,UGGT1,UFM1,ERLEC1,SESN2,PDIA3","HSPA5,DNAJC3,PIK3R1,PDIA4,THBS1,EDEM3,EIF2AK2,UGGT2,NFE2L2,SELENOK,PDIA6,ATP2A2","CANX,UFL1,CCDC47,EIF2AK2,EIF2AK4,PIK3R1,FAF2","HSP90B1,TRIB3,ATF4,BCL2L11,SESN2,DDIT3,UFM1,PPP1R15A,ATP2A2,ATF3,HERPUD1,MARCKS,RNF139,NUPR1,NFE2L2,VCP,SELENOS,ERLIN2",13,17,26,7,14,12,7,18,257
Response to Endogenous Stimulus,GOBP_RESPONSE_TO_ENDOGENOUS_STIMULUS,7.87E-07,2.36E-06,0.004241879,1.60E-09,6.20E-09,0.019202851,8.96E-08,4.88E-08,"STAT3,JAK1,TXNIP,APP,DKK3,TSC22D1,DDX5,ONECUT2,WBP2,ADM,IQGAP1,INHBA,SKIL,IER2,PDE3A,NCOR2,HDAC9,GRIN2A,SOCS1,ID1,LEPROT,NRP1,TBX2,RGS4,TAF7,HSPA5,STRAP,UBE2D3,VPS13C,CD44,PCSK1,NR4A1,VIM,DDX17,CTSL,HNRNPU,MDM2,NR3C1,ABHD2,TIMP2,CLDN4,FSTL4,NR1D2,FOS,TGFB1,P2RY1,GLG1,LEMD3,NPAS4,LIMS1,SINHCAF,LDLR,XBP1,PRKAR1A,VGF,PHIP,UBE3A","VPS13C,TMF1,APP,MIA3,BPTF,FOS,XRN1,AKAP9,UBR5,MYO5A,IER2,DDX17,APC,SOS2,ZNF106,GLG1,EIF6,PIK3R1,TRIM44,SPART,RHOQ,FER,TOP2B,STAT3,FOSB,LPIN2,PTPN11,PIK3C2A,KIDINS220,DSG2,HNRNPU,STRN3,ROCK1,MAP1B,EP300,ACAP2,PPARA,EPRS1,KMT2A,CUL3,UFL1,ZFHX3,HIPK2,TAF1,SAFB,TPR,IQGAP1,VEGFA,CLOCK,TCF12,HSP90B1,SRSF4,DIAPH1,BLOC1S6,LEMD3","GNAS,SPINT2,HSPA5,APP,NCOA4,SULF2,SOCS1,HSP90AB1,PMEPA1,SOCS3,CALR,CUL3,ZFHX3,FYN,SOCS2,DDIT4,PTPRK,EIF6,TIMP2,CD81,RGS4,BSG,FOXP1,NCL,EIF4EBP2,NR1D1,GPI,HSP90B1,CTSD,COL6A1,CHURC1,TMEM38B,CIB1,ITPR2,EHD4,ATP1A1,NFKBIZ,MYO5A,LRP8,PTPRA,ITGB1,HIF1A,NFKB1,ACVR1,NCOA1","PEG10,PLCB1,NCL,SKIL,ITGB1,KANK1,TPR,STMN2,CRIM1,CDO1,NPTN,SORL1,ITGA2,ADAMTSL2,VEGFC,ANGPTL3,LMO3,HSP90B1,PCSK1,VPS13C,IGFBP5,SRSF6,KL,IQGAP1,KDM5D,KDM5B,HIPK2,SLC4A7,NUCKS1,NPNT,GLG1,MIA3,PLA2G1B,THRA,GNAS,SLC2A1,GNB1,GREM1,PARP1,ROCK2,XRN1,BMPR2,PGRMC2,CASP6,SYAP1,SOX5,WNT4,RXRA,ARID1B,YY1,HIF1A,CD81,KAT2A,VIM,HNRNPU,SLIT2,AGL,KIDINS220,PTPRA,CPNE3,PRLR,NCOA1,NREP,ZMIZ1,SORBS1,PIK3CA","ITGB1,SFRP1,SLC4A7,ZEB1,VEGFA,GJA1,HSP90B1,FGFR1,AHCYL1,EPRS1,PPP3CA,INHBA,CASK,PAPPA,TIMP3,ITGA2,FHL2,DDX17,ARK2C,PRKDC,GNB1,SMAD5,DDIT4,UBA5,BLOC1S6,NOTCH2,LONP1,ITGA5,EIF6,LARS1,APPL1,RBPJ,HNRNPU,TMF1,MIA3,SMARCC1,LTBP1,SOCS2,SYAP1,EP300,SAP30,USO1,KDM1A,SHOC2,AKAP9,MMP14,PMEPA1,UFM1,URI1,EMILIN1,KDM5B,CRLS1,CD2AP,VEGFC,LARP1,SESN2,HIF1A,STC1,PRKCE,PDGFRA,NIBAN2,NCOR2,BPTF","HSPA5,HIF1A,MAP1B,TOP2B,NCL,FLT1,ZFHX3,PIK3R1,MT1G,AHCYL1,EPHA4,PIK3C2A,THBS1,ROCK2,SMAD4,IGF1R,MMP14,KIDINS220,TOMM70,URI1,NFIA,STAT5B,SYAP1,AKR1C2,NFE2L2,SMARCC1,REST,MMP2,SEMA6A,PELP1,SHOC2,DSTYK,PKD1L1,ARHGEF2,RIPK1,NCOA6,ZMIZ1,SPIDR,ITPR2,ITGB5,IQGAP1,AKT2","HNRNPU,DSG2,UFL1,BPTF,VEGFA,NCL,ROCK2,MIA3,GATA6,IQGAP1,LARP1,TPR,PAK2,KIDINS220,ZMIZ1,BCL9L,USP8,TMF1,ZFHX3,GNB1,UBE3A,URI1,ABHD2,APPL1,EPRS1,NR3C1,UBR5,SAFB,GLG1,NCOR1,TCF12,AKAP9,TGFBRAP1,PTPN11,VPS13C,FAT1,SOCS5,USP9Y,ANKRD1,TRIM44,NR1D2,PIK3R1,ZNF106,RPS6KB1,STRN3,IDE,STK39,SMAD5,KMT2A,ARF6,PEG10,PTPRA,CNOT1,MDM2,UGCG,USP15,HNRNPD,DIAPH1,ACAP2","HSP90B1,CALCOCO1,CTSH,UBE2D1,TGFBR3,TRIB3,IGFBP7,FBXO32,EIF6,SPHK1,VIM,COL6A1,VEGFA,SKI,IQGAP1,CFLAR,HSP90AA1,FOXP1,EZR,FOXO3,YWHAH,STRN3,CLDN1,BCL2L11,TIMP2,DSG2,ZYX,SEMA6A,CD9,ROCK1,SESN2,DDIT3,ACTB,CHURC1,VEGFB,KDM5B,NR1D1,FLNA,TMEM38B,UFM1,UGCG,CAV2,KLF2,ITGB1,NR3C1,NCL,TOMM70,HHEX,IRS2,NR1D2,TMF1,SMAD4,CDH1,AKAP9,TAF7,NFE2L2,DNAJA1,DIAPH1,SELENOS,PTPRA,ABHD2",57,55,45,66,63,42,59,61,1688
Apoptosis via TRAIL,HAMAI_APOPTOSIS_VIA_TRAIL_UP,0.000822515,1.90E-42,6.95E-10,2.68E-11,1.85E-14,7.13E-14,1.52E-42,1.22E-18,"RETREG1,METAP2,NRIP1,MTUS1,RAB27A,SLC38A2,ZBTB38,ARHGAP5,RRM2B,ITGAV,SNAPC1,SRSF11,TENT5A,TMEM167A,VPS13C,CCDC47,TCF4,THBD,MID1,MTDH,PJA2,PTPN13,BBX,UBE3A","VPS13C,GOLGA4,SETX,TRIP11,TMF1,TASOR2,GOLGB1,PTPN13,SMCHD1,CPLANE1,TASOR,ZNF638,PHF3,BPTF,DNAJA4,TUT4,ARHGAP5,HECTD1,MYO5A,CEP350,REV3L,SMARCA2,SCAF11,AHI1,METAP2,ARFGEF1,PAPSS2,APC,CCDC47,RAD50,PPFIA1,PBRM1,ZBTB38,ZNF148,EEA1,RLF,NIPBL,KTN1,FER,TOP2B,BAZ2B,MAP3K2,THUMPD3,TAX1BP1,STAG2,KIDINS220,IFIH1,CLIP1,AKAP11,PJA2,RECQL,MTREX,MYEF2,NRIP1,MYO6,CCAR1,PPIP5K2,CEP290,PUM3,AP3B1,EPRS1,NKTR,SACS,UFL1,HIPK2,ZHX1,CEP192,TUT7,MTDH,AGGF1,ZNF146,HSP90B1,GCC2,GALNT1,MTUS1,PNN,EXOC1,PDS5B","NRIP1,DNAJC3,NPDC1,RETREG1,SULF2,PRPF4,SLK,SOCS3,BCLAF1,USP25,DYNLT3,DDX21,DYNC1I1,SLMAP,SMC3,MTDH,DNAJC7,RAB27A,CHMP2B,NCL,PPIL4,HSP90B1,ITGAV,CDH19,DEK,IGFBP4,ITPR2,PNN,JAG1,MYO5A,GPBP1,TTC1,NMD3,ITGB1,AP1AR,SRSF11,ICE2,SCML1","SYNE2,NCL,ITGB1,SORL1,TCEAL2,METAP2,HSP90B1,VPS13C,SMC3,RSRC2,TCEAL9,NUCB2,TBCA,PJA2,HIPK2,BCLAF1,SON,CEP290,ATF7IP,EIF5B,KTN1,ENAH,RNF20,HTATSF1,TRMT10C,PPFIA1,CUL4B,OSBPL1A,PRPF38B,MYCBP2,MTUS1,TTLL7,DDX46,ETAA1,PCCA,AKAP11,PPIG,CDC42BPA,GOLGA4,KIDINS220,PIK3CA","ITGB1,RAI14,HSP90B1,PAPSS2,GOLGA4,SPDL1,EPRS1,EIF5B,BCLAF1,PNN,LUC7L3,ENAH,DHX36,QSER1,SETX,KTN1,GALNT1,SON,BHLHE41,GOLGB1,APPL1,AP3B1,TMF1,CEP350,PCSK5,PHF20L1,SRSF11,RAD50,PDS5B,RNF20,NAA15,TUT4,CEP290,EEA1,HLTF,SLK,MTREX,KIF14,MTR,SLC24A3,DHX29,STAG2,RSRC2,NRIP1,BPTF","ARHGAP5,SLK,CETN3,TOP2B,NCL,EEA1,DNAJC3,EIF5B,PBRM1,NARS1,MTR,SON,SCAF11,MYEF2,FBXO25,PCSK5,BAZ1B,LIMA1,GOLIM4,BAZ1A,KIDINS220,NIPBL,DDX10,PRPF4,DDX21,CALD1,AHCTF1,ZBTB38,EIF2S2,HSPH1,SMCHD1,SPECC1,TCEAL9,SACS,ARMCX3,ST3GAL1,IFI16,PLS3,KRIT1,TCEAL3,LRRC4,ITPR2,SLU7,BBX,HMGB1","SON,ZNF148,NIPBL,REV3L,UFL1,GOLGB1,BPTF,NCL,CEP350,GOLGA4,ZNF638,RAD50,SLK,FXR1,PHF3,TRIP11,EEA1,KIDINS220,EIF5B,CCDC47,ARHGAP5,CLIP1,USP8,SCAF11,MTREX,NFIB,TMF1,UBE3A,ZNF644,SETX,PJA2,APPL1,KIF5B,EPRS1,PIBF1,RAD21,RPAP3,ZNF146,USP47,NRIP1,STAG2,CEBPZ,CPLANE1,TUT7,QSER1,SRSF11,MTR,HECTD1,ZNF407,RBM26,METAP2,ZCCHC2,PUM3,PPFIA1,RAI14,ZBTB38,SKIC3,TASOR,MYEF2,NARS1,NSRP1,SMC3,BHLHE41,MTUS1,VPS13C,CCAR1,AGGF1,RNF20,ESF1,BIRC2,AHI1,RBM27,USP1,PPIP5K2,CDC42BPA,DNM1L,KTN1,TBC1D9","PALLD,HSP90B1,BAZ1A,CBX3,BIRC2,SMC3,RETREG1,HSP90AA1,ZNF354B,ITGA6,DEK,CLDN1,RB1CC1,TCEAL4,SEC62,TCEAL2,MGLL,PPP4R2,SYNE2,TAX1BP1,RSRC2,EEA1,CCDC112,GOLGB1,FAM13B,NRIP1,FXR1,SON,ZBTB11,CLIP1,MAPK6,ITGB1,ATP1B1,GLIPR1,SLK,PPP2R3A,NCL,DDX21,MYO10,TMF1,CALD1,BRIX1,CSGALNACT2,PAIP1,CDH1,CHMP2B,DNAJA1,CDC42BPA,PRPF38B,RALA,TUT4",24,78,38,41,45,45,78,51,634
Hypoxia Induced by DMOG,ELVIDGE_HYPOXIA_BY_DMOG_UP,5.56E-09,0.030810453,0.005080228,0.019952042,4.59E-08,0.123325957,0.084798923,0.033780409,"S100A6,TXNIP,ADM,AKAP12,CADM1,MAFF,BHLHE40,WSB1,ZNF292,DST,ZNF395,ATXN1,LIMCH1,NR3C1,FOS,TNFAIP8,S100A2","FOS,DST,RLF,ZNF292,WSB1,VEGFA,BHLHE40","CADM1,OBSL1,FYN,DDIT4,DST,QSOX1,FAM13A,S100A4,P4HA2","LIMCH1,VEGFC,AKAP12,IGFBP5,PAM,SLC2A1,P4HA2,KLHL24","VEGFA,GJA1,IGFBP3,P4HA1,HILPDA,DST,S100A6,DDIT4,ZNF292,PFKP,PGK1,GYS1,VEGFC,YEATS2,STC1,NFIL3","FAM13A,NFIL3,ATG14,AKAP12,SAMD4A,KLHL24","ZNF395,VEGFA,NR3C1,SERPINE1,LIMCH1,BHLHE40","VEGFA,DST,NR3C1,MAFF,ATF3,ZNF292,KLHL24",17,7,9,8,16,6,6,7,131
TNF-alpha Signaling via NF-kB,HALLMARK_TNFA_SIGNALING_VIA_NFKB,1.61E-16,0.009783678,0.301371829,1,0.262291336,0.509830278,0.747122448,2.40E-09,"BTG3,KLF10,ETS2,GADD45A,EIF1,TSC22D1,BTG1,IL6ST,DUSP5,INHBA,MAFF,GADD45B,BHLHE40,IER2,TNFAIP3,SQSTM1,GEM,PDE4B,PNRC1,DUSP4,CEBPD,CD44,NR4A1,PDLIM5,PPP1R15A,FOS,MCL1,LDLR,TNFAIP8","FOS,IER2,TRIB1,FOSB,IFIH1,IL6ST,ZBTB10,VEGFA,BHLHE40,BTG1","CEBPD,PMEPA1,SOCS3,JAG1,NFKB1,NINJ1",ID2,"VEGFA,INHBA,DUSP5,PMEPA1,NFIL3,KLF10","NFIL3,NFE2L2,ZC3H12A,IFIT2,BCL3","VEGFA,SERPINE1,BIRC2,BHLHE40","SERPINB8,PLK2,SPHK1,VEGFA,BIRC2,CFLAR,DUSP5,CSF1,SPSB1,PHLDA2,KLF10,GADD45B,KLF2,PPP1R15A,BTG3,MAFF,ATF3,IRS2,MARCKS,NFE2L2,IL6ST",29,10,6,1,6,5,4,21,198
Interleukin 11 Mediated Signaling Pathway,GOBP_INTERLEUKIN_11_MEDIATED_SIGNALING_PATHWAY,0.001799527,0.029755732,1,1,0.274556905,1,1,0.286692162,"STAT3,JAK1,IL6ST","STAT3,IL6ST",,,IL11,,,IL6ST,3,2,0,0,1,0,0,1,6
Biocarta IL6 Pathway,BIOCARTA_IL6_PATHWAY,0.003945302,0.003975629,0.61531074,0.64599164,1,1,0.649071829,0.603218704,"STAT3,JAK1,IL6ST,FOS","FOS,STAT3,PTPN11,IL6ST",MAP2K1,MAP2K1,,,PTPN11,IL6ST,4,4,1,1,0,0,1,1,21
Retinoic Acid response in Nephroblastoma,ZIRN_TRETINOIN_RESPONSE_WT1_UP,0.005258882,0.669791288,0.226502821,0.249649094,0.039178708,0.254762949,1,0.635227909,"AKAP12,GDE1,NAV2,ETV1",CAPN7,"IGFBP6,CAPN7","ETV1,AKAP12","IGFBP3,COTL1,PDGFRA","AKAP12,KANSL3",,NAV2,4,1,2,2,3,2,0,1,23
Retinoic Acid response in Acute Promyelocytic Leukemia,MARTENS_TRETINOIN_RESPONSE_DN,2.74E-06,0.508504983,0.156392048,0.53097049,0.592978197,0.259744733,0.812285129,0.056770159,"TXNIP,RBM3,EIF1,CIRBP,SFPQ,CNBP,SLC38A2,DDX5,SOX4,RPS4X,TUBA1C,MATR3,H3-3B,TAF7,HSPA5,RPS5,VIM,RPLP0,HNRNPF,VMA21,HNRNPH1,RPL7L1,HNRNPU,SRSF1,RASSF1,HNRNPA3,NUP58,C6orf62,RPL10,ZNF770,CLN5,DDX3X,XBP1,EIF5","SMCHD1,GLS2,MATR3,C6orf62,THUMPD3,HNRNPM,CLIP1,PCF11,HNRNPU,PDE4DIP,GNL3,ZNF770,HNRNPL,PURA,PNN","HSPA5,ARL4D,HSP90AB1,IQCG,CALR,HNRNPH3,NGLY1,PCLAF,MRPL4,PAICS,ERP29,PNN,METTL23,GRWD1,PTOV1,PPIB,ZCCHC3,HNRNPM,IL17RE","SRSF6,FBXO5,MATR3,ATF5,TRMT10C,FKBP2,PRPF38B,FARSA,ETAA1,VIM,GEMIN4,HNRNPU,ATP5F1E,HMGN2,ZCCHC3","PNN,GNL3,SLC1A5,HNRNPU,SMARCC1,PAICS,HNRNPL,HDGF,REXO4,MATR3,HNRNPH1,SFPQ,C6orf62,PTOV1","C8orf33,HSPA5,RBMX,MCM9,ARRDC3,REXO4,FMC1,SMARCC1,CCDC121,REST,RPL37,SMCHD1,DDX56,MTIF2,COASY,C6orf62,HMGB1,ZNF200","MATR3,HNRNPU,PURB,CLIP1,HNRNPM,MTIF2,SFPQ,RBMX,PURA,ATXN2L,USP1,PA2G4,HNRNPK","TRIB3,VIM,CBX3,NONO,SLC1A5,ATF4,RAP2B,SNHG12,CDV3,ROMO1,DDIT3,ERAL1,CLIP1,CCT4,ANKRD49,COMTD1,TAF7,C6orf120,PRPF38B,RAP2C,HNRNPK",34,15,19,15,14,18,13,21,780
Insulin Processing,GOBP_INSULIN_PROCESSING,0.000206151,1,0.063594352,0.075701577,1,1,1,1,"P4HB,PCSK2,PCSK1,YIPF5",,"CPE,P4HB","CPE,PCSK1",,,,,4,0,2,2,0,0,0,0,8
Cohesin Loading onto Chromatin,REACTOME_COHESIN_LOADING_ONTO_CHROMATIN,1,0.00036011,0.42459964,0.45467461,0.06137902,0.46619257,1.63E-05,0.06511306,,"PDS5A,NIPBL,STAG2,PDS5B",SMC3,SMC3,"PDS5B,STAG2",NIPBL,"NIPBL,RAD21,STAG2,WAPL,SMC3","SMC3,WAPL",0,4,1,1,2,1,5,2,10
Mitotic Prophase,REACTOME_MITOTIC_PROPHASE,0.13578756,0.00335664,0.39806444,0.42850372,0.35341463,1,0.15784859,0.36963864,"H3-3B,RANBP2,NUP58,LEMD3","RANBP2,LPIN2,GOLGA2,KMT5A,TPR,POM121C,LEMD3","LMNA,SEC13,GORASP2","TPR,H3C1,RANBP2","GOLGA2,SET,USO1",RANBP2,"TPR,RANBP2,SET,GOLGA2","ARPP19,GOLGA2,SET",4,7,3,3,3,1,4,3,81
Golgi to Endosome Transport,GOBP_GOLGI_TO_ENDOSOME_TRANSPORT,0.444696124,0.015268162,0.508516384,0.159183368,1,0.548928854,0.527597242,1,VPS13C,"VPS13C,DOP1A,VPS13A",AP1AR,"VPS13C,DOP1B",,AP2A1,VPS13C,,1,3,1,2,0,1,1,0,15
Protein Retention in Golgi Apparatus,GOBP_PROTEIN_RETENTION_IN_GOLGI_APPARATUS,0.22682922,0.02272665,1,0.04088588,1,1,0.26948731,1,VPS13C,"VPS13C,VPS13A",,"SORL1,VPS13C",,,VPS13C,,1,2,0,2,0,0,1,0,5
Cellular Response to Interferon Alpha,GOBP_CELLULAR_RESPONSE_TO_INTERFERON_ALPHA,1,0.03788142,1,0.37373781,1,1,0.03729313,1,,"IFNAR1,TPR",,TPR,,,"TPR,RO60",,0,2,0,1,0,0,2,0,7
Glycolipid Mannosyltransferase Activity,GOMF_GLYCOLIPID_MANNOSYLTRANSFERASE_ACTIVITY,1,1,0.00229079,1,1,1,1,1,,,"ALG2,PIGM,ALG11",,,,,,0,0,3,0,0,0,0,0,5
Response to Interleukin 17,GOBP_RESPONSE_TO_INTERLEUKIN_17,0.49955985,0.57778936,0.00477421,1,1,1,1,1,STAT3,STAT3,"SOCS3,USP25,NFKBIZ,NFKB1",,,,,,1,1,4,0,0,0,0,0,18
Glycophagy,GOBP_GLYCOPHAGY,0.07254753,1,0.0146887,1,1,1,0.46201162,0.43205706,"GABARAPL1,WIPI2",,"ATG12,WDR45B,GABARAPL1",,,,WDR45B,RB1CC1,2,0,3,0,0,0,1,1,12
Insulin-like Growth Factor I Binding,GOMF_INSULIN_LIKE_GROWTH_FACTOR_I_BINDING,0.40592601,1,0.01719943,0.49859733,0.42924631,0.50923737,1,0.45014841,ITGAV,,"ITGAV,IGFBP4,IGFBP6",IGFBP5,IGFBP3,IGF1R,,ITGA6,1,0,3,1,1,1,0,1,13
Nuclear Pore Nuclear Basket,GOCC_NUCLEAR_PORE_NUCLEAR_BASKET,0.38988721,0.08228376,1,0.01861869,1,0.1194142,0.08197177,1,RANBP2,"RANBP2,TPR",,"TPR,CETN2,RANBP2",,"CETN3,RANBP2","TPR,RANBP2",,1,2,0,3,0,2,2,0,12
Short Chain Fatty Acid Metabolic Process,GOBP_SHORT_CHAIN_FATTY_ACID_METABOLIC_PROCESS,1,1,1,0.0294825,1,0.54892885,1,1,,,,"ACOT4,PCCA,TYRP1",,MCEE,,,0,0,0,3,0,1,0,0,15
Endoplasmic Reticulum Tubular Network Formation,GOBP_ENDOPLASMIC_RETICULUM_TUBULAR_NETWORK_FORMATION,1,1,0.28503603,0.04088588,1,1,1,0.25690628,,,RTN1,"RTN3,RTN1",,,,RTN4,0,0,1,2,0,0,0,1,5
DNA Damage Recognition in GG-NER,REACTOME_DNA_DAMAGE_RECOGNITION_IN_GG_NER,0.76392447,0.86906459,0.3736833,0.04155453,0.78988113,0.86731868,0.36780624,0.82575146,UBC,INO80D,"UBC,DDB1","CETN2,PARP1,CUL4B,YY1",INO80D,XPC,"XPC,PARP2",ACTB,1,1,2,4,1,1,2,1,38
Collagen-Containing Extracellular Matrix,GOCC_COLLAGEN_CONTAINING_EXTRACELLULAR_MATRIX,0.59304835,1,0.0295667,0.69017618,0.00178723,1,1,0.04258638,"S100A6,DST,ANXA2,CTSL,TIMP2,NAV2,TGFB1,EDIL3","MEGF9,DST,HNRNPM,LMAN1,HSP90B1","CLU,LGALS3BP,ANXA5,CALR,TIMP2,DST,MXRA7,ERBIN,HSP90B1,CTSD,COL6A1,HNRNPM,S100A4,CTSF,LAMC1","PRG4,S100A10,MMRN1,ANGPTL3,HSP90B1,CLU,NPNT,GREM1","CLU,VCAN,LMAN1,SFRP1,HSP90B1,CASK,TIMP3,DST,ANXA2,S100A6,THBS2,COL27A1,LTBP1,COL7A1,HDGF,EMILIN1,MFAP4,S100A10","SERPINA3,THBS1,ADAMTS10,MGP,MMP2,VCAN","HNRNPM,SERPINE1","HSP90B1,CTSH,SERPINB8,IGFBP7,COL6A1,HSP90AA1,ANXA2,TIMP2,DST,AMBP,ADAMTS9,CD151,NAV2,ANXA5",8,5,15,8,18,6,2,14,423
Cell Matrix Adhesion,GOBP_CELL_MATRIX_ADHESION,0.05556182,0.43163564,0.28224408,0.00109761,0.00147825,0.1766486,0.0036343,0.01251179,"ONECUT2,ITGAV,ANXA2,FMN1,NRP1,TIAM1,LIMCH1,CD44,LIMS1","PPFIA1,PIK3R1,MKLN1,TRPM7,ROCK1,VEGFA","SLK,PTPRK,ITGAV,CIB1,JAG1,PTPRA,ITGB1","S100A10,LIMCH1,ITGB1,ITGA2,ANGPTL3,UTRN,NPNT,ACTN1,GREM1,ROCK2,PPFIA1,WNT4,PTPRA,SORBS1","ITGB1,SFRP1,VEGFA,CASK,ITGA2,ANXA2,ITGA5,MAP4K4,CDH11,MMP14,EMILIN1,SLK,S100A10","SLK,PIK3R1,TRIP6,THBS1,ROCK2,MMP14,SKAP1,ITGB5","VEGFA,ROCK2,SLK,PHLDB2,SERPINE1,LIMCH1,PPFIA1,TRPM7,TLN1,PIK3R1,UTRN,PTPRA","VEGFA,ITGA6,ANXA2,BCL2L11,CSF1,ZYX,ROCK1,ADAMTS9,ITGB1,SLK,PTPRA",9,6,7,14,13,8,12,11,236
Collagen Binding in Cell Matrix Adhesion,GOMF_COLLAGEN_BINDING_INVOLVED_IN_CELL_MATRIX_ADHESION,1,1,0.28503603,0.04088588,0.02361971,1,1,0.25690628,,,ITGB1,"ITGB1,ITGA2","ITGB1,ITGA2",,,ITGB1,0,0,1,2,2,0,0,1,5
UDP Glucosyltransferase Activity,GOMF_UDP_GLUCOSYLTRANSFERASE_ACTIVITY,0.33348803,1,1,1,0.00527676,0.43906481,0.39644946,0.37239779,GYG1,,,,"UGGT2,UGGT1,GYS1",UGGT2,UGCG,UGCG,1,0,0,0,3,1,1,1,9
Protein UFMYLation,GOBP_PROTEIN_UFMYLATION,1,0.2983933,1,1,0.03047091,1,0.30289701,0.28669216,,UFL1,,,"UBA5,UFM1",,UFL1,UFM1,0,1,0,0,2,0,1,1,6
Metabolic Pathways of Fibroblasts,WP_METABOLIC_PATHWAYS_OF_FIBROBLASTS,1,1,0.094955505,0.34212806,3.38E-05,1,1,0.285091654,,,"GPI,LDHA,P4HA2","SLC2A1,P4HA2","SLC16A1,FGFR1,P4HA1,PYCR1,SLC1A5,ALDH18A1,P3H4",,,"SLC1A5,PSAT1",0,0,3,2,7,0,0,2,32
Collagen Metabolic Process,GOBP_COLLAGEN_METABOLIC_PROCESS,0.095614086,1,0.133337042,0.152941191,0.000773856,0.548928854,1,0.109837423,"RETREG1,INHBA,VIM,CTSL,TGFB1",,"RETREG1,RUNX1,COL6A1,ITGB1,HIF1A","ITGB1,ITGA2,WNT4,HIF1A,VIM","ITGB1,INHBA,ITGA2,RUNX1,MMP14,EMILIN1,MFAP4,HIF1A,P3H4","HIF1A,MMP14,MMP2",,"VIM,COL6A1,RETREG1,MMP7,ITGB1",5,0,5,5,9,3,0,5,103
Hormone Transport,GOBP_HORMONE_TRANSPORT,0.184550503,0.983689367,0.363699765,0.163741698,0.000776561,1,1,0.689581709,"CHD7,SOX4,INHBA,TIAM1,SLC18A2,P2RY1,SNX19,PRKAR1A,VGF","TMF1,PTPN11,RFX3,CLOCK,CCDC186","CPE,SLC3A2,CHGA,UBE2Q1,NR1D1,VAMP3,PER2,HIF1A","PLCB1,CPE,RIMS2,PTPRN2,PCLO,KDM5B,EPHA5,UBE2Q1,ABAT,HIF1A","SFRP1,SLC16A1,GJA1,FGFR1,PPP3CA,INHBA,IL11,ACSL4,UBE2Q1,TMF1,NLGN2,KDM5B,HIF1A,PRKCE,PTPRN,NIBAN2","HIF1A,SMAD4,REST","UBE2Q1,TMF1,PTPN11,CHD7,CPT1A","HNF4A,KDM5B,NR1D1,IRS2,TMF1,SMAD4",9,5,8,10,16,3,5,6,317
Cellular Lipid Biosynthetic Process,GOBP_CELLULAR_LIPID_BIOSYNTHETIC_PROCESS,1,1,1,1,0.008315973,0.483485822,1,0.417658397,,,,,"FASN,AGPS,PLA2G4A",AGPS,,PEDS1,0,0,0,0,3,1,0,1,11
Positive Regulation of Cell-Substrate Junction Organization,GOBP_POSITIVE_REGULATION_OF_CELL_SUBSTRATE_JUNCTION_ORGANIZATION,0.012128882,0.070486929,1,0.32916094,0.014053158,0.779641004,0.070341194,0.27299446,"FMN1,NRP1,LIMS1,MAPRE2","PIK3R1,ROCK1,VEGFA",,"S100A10,WNT4","SFRP1,VEGFA,MAP4K4,S100A10",PIK3R1,"VEGFA,PIK3R1,ARF6","VEGFA,ROCK1",4,3,0,2,4,1,3,2,31
Cell-Cell Signaling,GOBP_CELL_CELL_SIGNALING,0.000176274,0.556440078,0.300879913,0.079887866,2.47E-08,0.915216187,0.220734886,0.111233485,"KLF10,ARF1,PDLIM4,APP,CHD7,SLC38A2,SOX4,AKAP12,SLC6A6,INHBA,NPY,SQSTM1,GAD1,STXBP5,RAB3B,PCDHB4,GRIN2A,NRP1,TIAM1,RGS4,CAMK2B,SYT5,PCSK1,NR4A1,CLSTN1,NR3C1,RNF10,GABARAP,ITPR3,SCN1B,SLC18A2,P2RY1,NPAS4,PPT1,SNX19,PAIP2,PRKAR1A,VGF,SLC24A2,UBE3A,SYT1","TMF1,APP,AKAP9,ERC1,CLCN3,RAB3B,UNC13A,RPS6KA3,EEA1,SYNE1,PTPN11,STXBP5,KIF1B,MAP1B,SYT11,KMT2A,ADNP,RFX3,CLOCK,CLSTN1,RNF19A,CCDC186,BLOC1S6","CPE,APP,CHGA,FYN,ARF1,RGS4,VDAC1,TPRG1L,CHMP2B,SCN1B,UBE2Q1,EIF4EBP2,NR1D1,VAMP3,USP14,KCNQ3,ABR,FBXO2,PER2,LRP8,PTPRA,ITGB1,ERC2,HIF1A,TSHZ3,SYP","PLCB1,CPE,RIMS2,ITGB1,NPTN,NRXN1,PTPRN2,PCLO,UTRN,PCSK1,AKAP12,ERC2,KDM5B,SEMA5A,EPHA5,RNF19A,UBE2Q1,GUCY1A1,PCDH17,GNB1,GREM1,PPP1R9A,ABAT,TMED1,PCDHB3,CACNA2D2,SYAP1,GPR158,HIF1A,KAT2A,PTPRA","ITGB1,SFRP1,SLC16A1,GJA1,PDLIM4,FGFR1,PPP3CA,INHBA,AFDN,CASK,IL11,WLS,ACSL4,HILPDA,SHANK2,TRIO,GNB1,HOMER1,BLOC1S6,SYNE1,UBE2Q1,STX2,RPS6KA3,PTGES,ABCC4,HOXA5,TSHZ3,CDH11,ATP2A2,TMF1,ERC1,PCSK5,GRIA3,SIPA1L1,NLGN2,SYAP1,NLGN4Y,PLA2G4A,DBN1,ADNP,AKAP9,EEA1,KDM5B,CD2AP,NCDN,HIF1A,PRKCE,PTPRN,KLF10,NIBAN2,KCMF1,PDE7B","HIF1A,MAP1B,EEA1,LNPEP,ERC2,PDGFA,PCSK5,EPHA4,FARP1,PLCL2,SMAD4,STX2,AKAP12,SLC6A6,SYAP1,REST,FBXL20,BTBD9,LRRC4,ATP2A2","SYNE1,FXR1,EEA1,UBE2Q1,TRIO,USP8,TMF1,GNB1,UBE3A,MYOF,KIF5B,NR3C1,ADNP,EIF2AK4,CLCN3,AKAP9,FMR1,PTPN11,FAT1,CHD7,ERC1,RPS6KB1,KMT2A,UTRN,ATAD1,PTPRA,CPT1A","RTN4,ERC2,SIPA1L1,PLK2,PPP3R1,ATF4,YWHAH,ZYX,ADNP,KLF10,HNF4A,STAU1,EEA1,KDM5B,NR1D1,FLNA,FXR1,ITGB1,NR3C1,ATP2A2,IRS2,TMF1,SMAD4,CDH1,AKAP9,CHMP2B,AFDN,PAFAH1B1,PTPRA",41,23,26,31,52,20,27,29,1291
Signal Release,GOBP_SIGNAL_RELEASE,0.041777511,0.670450861,0.486353563,0.184968147,6.66E-06,0.85645117,1,0.815047169,"CHD7,SLC38A2,SOX4,INHBA,STXBP5,TIAM1,SYT5,NR4A1,SLC18A2,P2RY1,PPT1,SNX19,PRKAR1A,VGF,SYT1","TMF1,UNC13A,PTPN11,STXBP5,SYT11,RFX3,CLOCK,CCDC186,BLOC1S6","CPE,CHGA,TPRG1L,UBE2Q1,NR1D1,VAMP3,PER2,ERC2,HIF1A,SYP","PLCB1,CPE,RIMS2,NRXN1,PTPRN2,PCLO,ERC2,KDM5B,EPHA5,UBE2Q1,ABAT,GPR158,HIF1A","SFRP1,SLC16A1,GJA1,FGFR1,PPP3CA,INHBA,CASK,IL11,WLS,ACSL4,BLOC1S6,UBE2Q1,STX2,PTGES,ABCC4,ATP2A2,TMF1,PCSK5,NLGN2,PLA2G4A,KDM5B,HIF1A,PRKCE,PTPRN,NIBAN2","HIF1A,ERC2,PCSK5,SMAD4,STX2,REST,FBXL20,ATP2A2","UBE2Q1,TMF1,MYOF,FMR1,PTPN11,CHD7,CPT1A","ERC2,HNF4A,KDM5B,NR1D1,ATP2A2,IRS2,TMF1,SMAD4",15,9,10,13,25,8,7,8,479
Synaptic Signaling,GOBP_SYNAPTIC_SIGNALING,4.41E-05,0.206365999,0.231323467,0.052373883,0.000123794,0.677771293,0.052424329,0.132019541,"ARF1,PDLIM4,APP,SLC38A2,AKAP12,SLC6A6,NPY,SQSTM1,GAD1,STXBP5,RAB3B,PCDHB4,GRIN2A,RGS4,CAMK2B,SYT5,NR4A1,CLSTN1,NR3C1,RNF10,GABARAP,ITPR3,SLC18A2,P2RY1,NPAS4,PPT1,PAIP2,VGF,SLC24A2,UBE3A,SYT1","APP,AKAP9,ERC1,CLCN3,RAB3B,UNC13A,RPS6KA3,EEA1,SYNE1,STXBP5,KIF1B,MAP1B,SYT11,KMT2A,ADNP,CLSTN1,RNF19A,BLOC1S6","APP,FYN,ARF1,RGS4,VDAC1,TPRG1L,CHMP2B,EIF4EBP2,USP14,KCNQ3,ABR,FBXO2,LRP8,PTPRA,ITGB1,ERC2,TSHZ3,SYP","PLCB1,RIMS2,ITGB1,NPTN,NRXN1,PTPRN2,PCLO,UTRN,AKAP12,ERC2,RNF19A,GUCY1A1,PCDH17,GNB1,PPP1R9A,ABAT,PCDHB3,CACNA2D2,SYAP1,GPR158,KAT2A,PTPRA","ITGB1,PDLIM4,PPP3CA,CASK,SHANK2,TRIO,GNB1,HOMER1,BLOC1S6,SYNE1,STX2,RPS6KA3,TSHZ3,CDH11,ATP2A2,ERC1,GRIA3,SIPA1L1,NLGN2,SYAP1,NLGN4Y,DBN1,ADNP,AKAP9,EEA1,CD2AP,NCDN,PRKCE,KCMF1,PDE7B","MAP1B,EEA1,ERC2,EPHA4,FARP1,PLCL2,STX2,AKAP12,SLC6A6,SYAP1,FBXL20,BTBD9,LRRC4,ATP2A2","SYNE1,FXR1,EEA1,TRIO,USP8,GNB1,UBE3A,MYOF,KIF5B,NR3C1,ADNP,EIF2AK4,CLCN3,AKAP9,FMR1,ERC1,RPS6KB1,KMT2A,UTRN,ATAD1,PTPRA","RTN4,ERC2,SIPA1L1,PLK2,PPP3R1,ATF4,YWHAH,ADNP,STAU1,EEA1,FXR1,ITGB1,NR3C1,ATP2A2,CDH1,AKAP9,CHMP2B,PAFAH1B1,PTPRA",31,18,18,22,30,14,21,19,780
Apoptosis Induced DNA Fragmentation,REACTOME_APOPTOSIS_INDUCED_DNA_FRAGMENTATION,0.28288307,1,1,0.37373781,0.03858887,0.00576023,0.33710255,1,H1-4,,,H1-4,"KPNB1,H1-4","H1-4,H1-2,HMGB1",KPNB1,,1,0,0,1,2,3,1,0,7
mTOR Signaling Pathway,KEGG_MTOR_SIGNALING_PATHWAY,0.89106676,0.05229375,0.47173862,0.02303275,0.01230388,0.00487662,0.18601448,0.4515183,EIF4B,"RPS6KA3,PIK3R1,AKT3,VEGFA","DDIT4,HIF1A","VEGFC,HIF1A,AKT3,EIF4E2,PIK3CA","VEGFA,DDIT4,RPS6KA3,VEGFC,HIF1A","HIF1A,PIK3R1,AKT3,ULK1,ULK2,AKT2","VEGFA,PIK3R1,RPS6KB1","VEGFA,VEGFB",1,4,2,5,5,6,3,2,51
ATPase Inhibitor Activity,GOMF_ATPASE_INHIBITOR_ACTIVITY,1,1,0.26232577,1,1,0.03001808,1,1,,,FNIP2,,,"FNIP1,FNIP2",,,0,0,1,0,0,2,0,0,4
Insulin Binding,GOMF_INSULIN_BINDING,1,0.26629136,1,1,1,0.03979606,0.02207097,1,,PIK3R1,,,,"PIK3R1,IGF1R","PIK3R1,IDE",,0,1,0,0,0,2,2,0,5
Regulation of Cellular Response to Hypoxia,GOBP_REGULATION_OF_CELLULAR_RESPONSE_TO_HYPOXIA,1,1,0.18967511,0.62925405,0.55988007,0.04785361,0.63035476,0.58606754,,,"ENO1,TMBIM6",ROCK2,ENO1,"EPHA4,ROCK2,NFE2L2",ROCK2,NFE2L2,0,0,2,1,1,3,1,1,20
Mitotic Cohesin Complex,GOCC_MITOTIC_COHESIN_COMPLEX,1,0.2983933,0.31399761,0.34212806,0.27455691,1,0.00170589,0.28669216,,STAG2,SMC3,SMC3,STAG2,,"RAD21,STAG2,SMC3",SMC3,0,1,1,1,1,0,3,1,6
Migracytosis,GOBP_MIGRACYTOSIS,1,1,1,1,1,1,0.02207097,1,,,,,,,"KIF5B,DNM1L",,0,0,0,0,0,0,2,0,5
Regulation of Pancreatic Juice Secretion,GOBP_REGULATION_OF_PANCREATIC_JUICE_SECRETION,1,1,1,1,1,1,0.04610431,1,,,,,,,"WNK1,STK39",,0,0,0,0,0,0,2,0,8
Membrane to Membrane Docking,GOBP_MEMBRANE_TO_MEMBRANE_DOCKING,0.22682922,0.26629136,1,1,0.2470146,1,1,0.00152159,MSN,ROCK1,,,MSN,,,"EZR,ROCK1,MSN",1,1,0,0,1,0,0,3,5
Membrane Raft Assembly,GOBP_MEMBRANE_RAFT_ASSEMBLY,0.38988721,1,0.45510606,0.4848246,0.07969879,1,1,0.01070923,ANXA2,,COL6A1,S100A10,"ANXA2,S100A10",,,"COL6A1,ANXA2,CAV2",1,0,1,1,2,0,0,3,12
Endoplasmic Reticulum Tubular Network Membrane,GOCC_ENDOPLASMIC_RETICULUM_TUBULAR_NETWORK_MEMBRANE,1,1,1,1,1,1,1,0.01898943,,,,,,,,"RTN4,LNPK",0,0,0,0,0,0,0,2,4
Abnormality of Exocrine Pancreas Physiology,HP_ABNORMALITY_OF_EXOCRINE_PANCREAS_PHYSIOLOGY,0.10749112,0.32321672,0.64846401,1,0.60853768,0.37348838,0.12298547,0.0403445,"STAT3,SBDS,CCDC47,TGFB1","CCDC47,STAT3,NSD2","SBDS,JAG1",KLF11,"APPL1,DCTN4","SMAD4,TRMT5,EFL1","GATA6,CCDC47,APPL1,CNOT1","PALLD,SBDS,HNF4A,DCTN4,SMAD4",4,3,2,1,2,3,4,5,72
Pancreatic Hypoplasia,HP_PANCREATIC_HYPOPLASIA,0.1930241,0.69626278,0.67124272,0.69908264,0.21156884,0.71343385,0.22884756,0.049924,"STAT3,SBDS",STAT3,SBDS,KLF11,"GLIS3,APPL1",EFL1,"GATA6,APPL1","SBDS,HNF4A,GLIS3",2,1,1,1,2,1,2,3,25